symbol,buy_date,sell_date,buy_price,sell_price,qty,roi,pnl,holding_days,peak_profit_percent,peak_drawdown_percent,peak_price,bottom_price
ADANIENT,2019-01-11,2019-02-11,151.5,118.2,165,-21.98,-5494.5,31,0.0,-21.98,151.5,118.2
ADANIENT,2019-11-13,2020-01-27,198.2,230.55,177,16.322,5725.95,75,16.322,0.0,230.55,198.2
ADANIENT,2020-08-11,2021-12-13,195.85,1719.55,191,777.993,291026.7,489,800.204,0.0,1763.05,195.85
ADANIENT,2022-07-19,2022-12-19,2451.3,4075.3,39,66.251,63336.0,153,66.251,-0.008,4075.3,2451.1
ADANIPORTS,2024-02-13,2024-07-10,1264.8,1487.8,101,17.631,22523.0,148,25.233,-4.368,1583.95,1209.55
APOLLOHOSP,2019-10-15,2019-12-10,1483.75,1373.95,20,-7.4,-2196.0,56,3.575,-7.4,1536.8,1373.95
APOLLOHOSP,2020-04-28,2020-07-10,1426.45,1402.45,25,-1.682,-600.0,73,0.775,-11.245,1437.5,1266.05
APOLLOHOSP,2020-10-13,2021-10-11,2254.45,4377.15,17,94.156,36085.9,363,125.518,-9.805,5084.2,2033.4
ASIANPAINT,2019-01-11,2019-02-11,1403.65,1437.1,17,2.383,568.65,31,4.902,-2.244,1472.45,1372.15
ASIANPAINT,2019-03-12,2019-05-06,1428.1,1412.8,16,-1.071,-244.8,55,6.386,-1.278,1519.3,1409.85
ASIANPAINT,2019-10-15,2020-01-27,1803.1,1788.35,16,-0.818,-236.0,104,2.532,-6.675,1848.75,1682.75
ASIANPAINT,2020-04-28,2020-08-10,1824.4,1782.35,20,-2.305,-841.0,104,0.0,-17.778,1824.4,1500.05
ASIANPAINT,2020-11-11,2021-02-10,2181.7,2510.6,17,15.075,5591.3,91,30.6,-1.256,2849.3,2154.3
ASIANPAINT,2026-01-13,2026-01-19,2896.4,2754.0,133,-4.916,-18939.2,6,0.0,-4.916,2896.4,2754.0
AXISBANK,2019-01-11,2019-02-11,666.5,710.85,37,6.654,1640.95,31,9.55,-1.53,730.15,656.3
AXISBANK,2019-03-12,2019-05-06,742.55,747.45,32,0.66,156.8,55,5.138,-1.003,780.7,735.1
BAJAJ-AUTO,2023-04-25,2023-08-10,4342.55,4629.05,27,6.598,7735.5,107,13.689,-1.003,4937.0,4299.0
BAJAJ-AUTO,2023-11-12,2024-10-21,5442.55,10500.5,21,92.933,106216.95,344,132.729,-0.319,12666.4,5425.2
BAJAJFINSV,2019-01-11,2019-02-11,637.17,609.63,39,-4.322,-1074.06,31,2.166,-5.689,650.97,600.92
BAJAJFINSV,2019-03-12,2019-05-06,686.09,766.8,35,11.764,2824.85,55,12.541,0.0,772.13,686.09
BAJAJFINSV,2019-12-11,2020-01-27,907.91,955.76,27,5.27,1291.95,47,7.004,-0.401,971.5,904.27
BAJAJFINSV,2021-08-11,2021-12-13,1420.62,1732.4,39,21.947,12159.42,124,34.284,0.0,1907.66,1420.62
BAJAJFINSV,2025-04-22,2025-07-28,2077.0,1977.8,159,-4.776,-15772.8,97,1.348,-6.403,2105.0,1944.0
BAJFINANCE,2019-01-11,2019-02-11,251.42,265.72,99,5.688,1415.7,31,7.839,-2.215,271.13,245.85
BAJFINANCE,2019-03-12,2019-05-06,275.31,303.43,88,10.214,2474.56,55,13.755,0.0,313.18,275.31
BAJFINANCE,2019-10-15,2020-01-27,387.95,416.44,77,7.344,2193.73,104,9.62,0.0,425.27,387.95
BAJFINANCE,2021-10-12,2021-12-13,785.58,721.88,106,-8.109,-6752.2,62,0.936,-13.349,792.93,680.71
BAJFINANCE,2025-04-22,2025-07-28,926.05,880.5,357,-4.919,-16261.35,97,4.562,-6.76,968.3,863.45
BAJFINANCE,2025-10-14,2026-01-12,1019.15,951.9,399,-6.599,-26832.75,90,7.359,-6.599,1094.15,951.9
BEL,2022-07-19,2022-12-19,85.05,100.45,1141,18.107,17571.4,153,32.687,-0.094,112.85,84.97
BEL,2023-05-11,2024-10-21,108.6,282.3,1145,159.945,198886.5,529,208.932,-1.473,335.5,107.0
BEL,2025-06-11,2025-07-28,392.9,389.25,833,-0.929,-3040.45,47,10.015,-1.4,432.25,387.4
BEL,2025-10-14,2026-01-19,402.4,412.8,1010,2.584,10504.0,97,6.188,-4.709,427.3,383.45
BHARTIARTL,2020-04-28,2020-09-10,485.65,497.35,75,2.409,877.5,135,23.299,0.0,598.8,485.65
BHARTIARTL,2022-11-11,2022-12-19,826.9,840.4,109,1.633,1471.5,38,2.939,-0.605,851.2,821.9
BHARTIARTL,2024-09-11,2024-10-21,1577.8,1692.55,111,7.273,12737.25,40,12.251,0.0,1771.1,1577.8
BHARTIARTL,2025-04-22,2025-07-28,1852.2,1890.3,178,2.057,6781.8,97,9.81,-2.338,2033.9,1808.9
CIPLA,2020-04-28,2021-08-10,598.6,912.6,61,52.456,19154.0,469,63.649,-4.82,979.6,569.75
CIPLA,2023-08-11,2023-10-10,1248.25,1155.05,102,-7.466,-9506.4,60,0.681,-7.466,1256.75,1155.05
COALINDIA,2022-07-19,2022-12-19,198.25,227.3,489,14.653,14205.45,153,29.029,-0.58,255.8,197.1
COALINDIA,2023-04-25,2023-06-12,230.25,229.0,526,-0.543,-657.5,48,6.884,-1.129,246.1,227.65
COALINDIA,2023-10-11,2024-10-21,301.85,485.4,391,60.808,71768.05,376,79.029,0.0,540.4,301.85
DRREDDY,2020-04-28,2021-02-10,789.95,964.81,46,22.136,8043.56,288,37.143,-6.851,1083.36,735.83
DRREDDY,2023-04-25,2023-06-12,966.66,935.13,125,-3.262,-3941.25,48,2.787,-9.131,993.6,878.39
DRREDDY,2023-08-11,2023-11-10,1165.2,1084.98,109,-6.885,-8743.98,91,2.228,-9.663,1191.16,1052.61
EICHERMOT,2020-07-13,2020-11-10,1965.5,2234.85,18,13.704,4848.3,120,15.487,-5.558,2269.9,1856.26
EICHERMOT,2022-07-19,2022-12-19,3077.7,3388.9,31,10.111,9647.2,153,25.108,-1.768,3850.45,3023.3
EICHERMOT,2023-04-25,2023-07-10,3217.95,3175.5,37,-1.319,-1570.65,76,15.832,-1.319,3727.4,3175.5
EICHERMOT,2025-04-22,2025-07-28,5784.0,5386.0,57,-6.881,-22686.0,97,0.0,-8.221,5784.0,5308.5
EICHERMOT,2025-10-14,2026-01-19,6887.0,7323.5,59,6.338,25753.5,97,9.641,-2.788,7551.0,6695.0
ETERNAL,2023-08-11,2024-10-21,93.35,265.7,1363,184.628,234913.05,437,218.157,-4.392,297.0,89.25
ETERNAL,2025-10-14,2025-12-10,347.75,291.7,1169,-16.118,-65522.45,57,1.898,-17.973,354.35,285.25
GRASIM,2021-02-11,2021-12-13,1230.51,1725.52,36,40.228,17820.36,305,51.722,-2.805,1866.95,1196.0
GRASIM,2022-09-13,2022-12-12,1782.49,1808.04,58,1.433,1481.9,90,2.034,-8.56,1818.75,1629.9
GRASIM,2024-07-11,2024-10-21,2801.6,2718.25,53,-2.975,-4417.55,102,1.504,-10.323,2843.75,2512.4
GRASIM,2025-04-22,2025-06-10,2749.4,2708.0,120,-1.506,-4968.0,49,2.742,-8.195,2824.8,2524.1
HCLTECH,2020-10-13,2021-11-10,900.4,1169.15,43,29.848,11556.25,393,50.844,-10.645,1358.2,804.55
HCLTECH,2024-08-13,2024-10-21,1592.65,1843.6,174,15.757,43665.3,69,17.421,0.0,1870.1,1592.65
HDFCBANK,2019-01-11,2019-02-11,527.98,534.92,47,1.314,326.18,31,1.716,-3.655,537.04,508.68
HDFCBANK,2023-04-25,2023-05-10,832.08,826.05,145,-0.725,-874.35,15,3.824,-2.313,863.9,812.83
HDFCBANK,2025-04-22,2025-07-28,980.85,1004.25,337,2.386,7885.8,97,3.191,-3.67,1012.15,944.85
HDFCBANK,2025-10-14,2026-01-12,977.15,936.95,416,-4.114,-16723.2,90,3.311,-4.114,1009.5,936.95
HDFCLIFE,2019-10-15,2020-01-27,592.75,599.7,50,1.173,347.5,104,7.322,-4.192,636.15,567.9
HDFCLIFE,2020-04-28,2020-10-12,486.15,563.4,75,15.89,5793.75,167,31.749,-3.456,640.5,469.35
HDFCLIFE,2025-04-22,2025-07-28,712.55,761.2,464,6.828,22573.6,97,14.28,-1.123,814.3,704.55
HINDALCO,2025-10-14,2026-01-19,760.1,939.95,535,23.661,96219.75,97,25.687,0.0,955.35,760.1
HINDUNILVR,2019-01-11,2019-02-11,1769.4,1804.8,14,2.001,495.6,31,3.936,-2.037,1839.05,1733.35
HINDUNILVR,2019-03-12,2019-05-06,1734.8,1668.9,13,-3.799,-856.7,55,1.32,-4.364,1757.7,1659.1
HINDUNILVR,2019-10-15,2020-01-10,2064.4,1954.0,14,-5.348,-1545.6,87,5.573,-7.215,2179.45,1915.45
HINDUNILVR,2020-04-28,2020-07-10,2289.95,2223.8,16,-2.889,-1058.4,73,0.0,-13.933,2289.95,1970.9
HINDUNILVR,2022-07-19,2022-09-12,2567.95,2580.4,37,0.485,460.65,55,4.544,-0.812,2684.65,2547.1
ICICIBANK,2019-01-11,2019-02-11,378.55,350.05,66,-7.529,-1881.0,31,0.0,-9.246,378.55,343.55
ICICIBANK,2019-03-12,2019-05-06,388.2,401.3,62,3.375,812.2,55,4.972,-1.211,407.5,383.5
ICICIBANK,2020-01-13,2020-01-27,538.6,537.25,51,-0.251,-68.85,14,0.0,-2.924,538.6,522.85
ICICIBANK,2022-09-13,2022-12-19,910.0,906.45,114,-0.39,-404.7,97,4.714,-7.264,952.9,843.9
ICICIBANK,2023-05-11,2023-09-11,939.2,978.25,132,4.158,5154.6,123,6.522,-1.698,1000.45,923.25
ICICIBANK,2025-04-22,2025-07-28,1416.5,1488.4,233,5.076,16752.7,97,5.09,-1.948,1488.6,1388.9
INDIGO,2019-01-11,2019-02-11,1057.45,1187.05,23,12.256,2980.8,31,13.854,0.0,1203.95,1057.45
INDIGO,2019-10-15,2019-12-10,1752.05,1328.75,17,-24.16,-7196.1,56,0.0,-24.588,1752.05,1321.25
INDIGO,2023-06-13,2023-09-11,2340.0,2500.85,50,6.874,8042.5,90,16.417,0.0,2724.15,2340.0
INDIGO,2024-05-13,2024-10-21,4082.0,4591.0,42,12.469,21378.0,161,22.358,-1.334,4994.65,4027.55
INDIGO,2025-04-22,2025-07-28,5534.0,5762.0,59,4.12,13452.0,97,7.996,-7.824,5976.5,5101.0
INDIGO,2025-10-14,2025-12-10,5759.0,4967.5,70,-13.744,-55405.0,57,3.039,-14.508,5934.0,4923.5
INFY,2019-03-12,2019-05-06,706.95,718.4,34,1.62,389.3,55,8.53,0.0,767.25,706.95
INFY,2019-10-15,2019-11-11,768.3,704.4,39,-8.317,-2492.1,27,0.41,-17.304,771.45,635.35
INFY,2020-11-11,2021-12-13,1122.5,1744.65,34,55.425,21153.1,397,62.33,-2.294,1822.15,1096.75
ITC,2019-03-12,2019-05-06,218.47,227.74,111,4.243,1028.97,55,4.312,-1.259,227.89,215.72
ITC,2022-07-19,2022-12-19,258.12,298.33,375,15.578,15078.75,153,22.435,0.0,316.03,258.12
ITC,2023-04-25,2024-02-12,366.49,375.71,330,2.516,3042.6,293,22.211,0.0,447.89,366.49
JIOFIN,2025-07-11,2025-07-28,325.8,307.35,970,-5.663,-17896.5,17,0.0,-5.663,325.8,307.35
JSWSTEEL,2020-09-11,2021-10-11,287.8,672.4,132,133.634,50767.2,395,165.202,-10.163,763.25,258.55
JSWSTEEL,2025-10-14,2026-01-19,1147.8,1184.1,354,3.163,12850.2,97,5.419,-5.942,1210.0,1079.6
KOTAKBANK,2019-10-15,2020-01-27,1615.6,1618.35,18,0.17,49.5,104,7.05,-3.819,1729.5,1553.9
KOTAKBANK,2025-04-22,2025-07-28,2268.8,1966.6,145,-13.32,-43819.0,97,0.0,-13.32,2268.8,1966.6
LT,2019-01-11,2019-02-11,1369.6,1246.5,18,-8.988,-2215.8,31,0.0,-8.988,1369.6,1246.5
LT,2021-11-11,2021-12-13,1931.7,1861.5,26,-3.634,-1825.2,32,1.462,-8.643,1959.95,1764.75
LT,2023-04-25,2024-05-10,2247.95,3271.45,53,45.53,54245.5,381,70.733,-2.794,3838.0,2185.15
LT,2025-10-14,2026-01-19,3744.3,3869.8,108,3.352,13554.0,97,11.193,0.0,4163.4,3744.3
M&M,2020-07-13,2020-11-10,555.85,619.95,67,11.532,4294.7,120,17.685,-1.916,654.15,545.2
M&M,2022-07-19,2022-12-19,1186.25,1290.65,81,8.801,8456.4,153,14.145,-4.249,1354.05,1135.85
M&M,2023-04-25,2023-05-10,1209.85,1248.65,100,3.207,3880.0,15,3.207,0.0,1248.65,1209.85
M&M,2023-07-11,2023-10-10,1569.0,1537.85,77,-1.985,-2398.55,91,4.618,-7.648,1641.45,1449.0
M&M,2024-06-11,2024-09-10,2835.55,2690.0,65,-5.133,-9460.75,91,4.456,-7.145,2961.9,2632.95
M&M,2025-10-14,2026-01-19,3459.8,3657.4,117,5.711,23119.2,97,9.902,0.0,3802.4,3459.8
MARUTI,2020-09-11,2020-11-10,7193.6,6793.45,5,-5.563,-2000.75,60,0.0,-12.454,7193.6,6297.7
MARUTI,2022-07-19,2022-12-19,8715.85,8603.85,11,-1.285,-1232.0,153,9.313,-2.639,9527.6,8485.8
MARUTI,2023-04-25,2023-08-10,8468.9,9401.8,14,11.016,13060.6,107,17.917,0.0,9986.3,8468.9
MARUTI,2025-10-14,2026-01-19,16261.0,16176.0,25,-0.523,-2125.0,97,6.34,-5.455,17292.0,15374.0
MAXHEALTH,2021-09-14,2021-12-13,397.1,399.4,105,0.579,241.5,90,0.579,-16.558,399.4,331.35
MAXHEALTH,2022-07-19,2022-09-12,369.55,422.25,262,14.261,13807.4,55,14.261,-3.87,422.25,355.25
NESTLEIND,2019-01-11,2019-02-11,563.65,542.18,44,-3.809,-944.68,31,3.928,-3.809,585.79,542.18
NESTLEIND,2019-10-15,2020-01-27,704.34,783.31,42,11.212,3316.74,104,11.847,-0.148,787.78,703.3
NESTLEIND,2020-04-28,2020-10-12,878.49,795.11,41,-9.491,-3418.58,167,2.021,-13.491,896.24,759.97
NESTLEIND,2023-05-11,2023-08-10,1100.99,1099.49,113,-0.136,-169.5,91,5.079,-2.903,1156.91,1069.03
NTPC,2023-09-12,2024-10-21,235.1,425.0,541,80.774,102735.9,405,88.43,-1.467,443.0,231.65
ONGC,2023-09-12,2024-06-10,180.9,259.15,703,43.256,55009.75,272,58.154,0.0,286.1,180.9
RELIANCE,2019-03-12,2019-05-06,596.67,620.67,40,4.022,960.0,55,5.821,-0.729,631.4,592.32
RELIANCE,2019-12-11,2020-01-27,700.21,675.18,35,-3.575,-876.05,47,3.045,-3.897,721.53,672.92
RELIANCE,2020-04-28,2020-12-10,640.05,911.04,57,42.339,15446.43,226,64.859,-0.084,1055.18,639.51
SBILIFE,2019-10-15,2020-01-27,838.05,992.15,36,18.388,5547.6,104,21.037,0.0,1014.35,838.05
SBILIFE,2025-06-11,2025-07-28,1799.3,1850.5,182,2.846,9318.4,47,3.512,-2.451,1862.5,1755.2
SBILIFE,2025-12-11,2026-01-19,2014.5,2073.7,173,2.939,10241.6,39,4.145,-0.943,2098.0,1995.5
SBIN,2021-10-12,2021-12-13,483.0,487.8,172,0.994,825.6,62,9.824,-4.648,530.45,460.55
SBIN,2022-09-13,2022-12-19,558.0,604.45,187,8.324,8686.15,97,12.097,-6.855,625.5,519.75
SBIN,2025-10-14,2026-01-19,876.95,1038.4,463,18.41,74751.35,97,18.855,0.0,1042.3,876.95
SHRIRAMFIN,2023-04-25,2023-05-10,286.55,270.61,423,-5.563,-6742.62,15,0.0,-7.95,286.55,263.77
SHRIRAMFIN,2023-10-11,2024-10-21,379.72,662.66,311,74.513,87994.34,376,91.112,-5.32,725.69,359.52
SHRIRAMFIN,2025-04-22,2025-07-10,703.5,671.75,470,-4.513,-14922.5,79,0.476,-14.506,706.85,601.45
SHRIRAMFIN,2025-12-11,2026-01-19,837.25,1010.35,418,20.675,72355.8,39,21.792,0.0,1019.7,837.25
SUNPHARMA,2020-04-28,2020-09-10,473.95,507.95,77,7.174,2618.0,135,17.259,-7.016,555.75,440.7
SUNPHARMA,2022-07-19,2022-09-12,875.3,887.7,110,1.417,1364.0,55,7.757,-0.891,943.2,867.5
SUNPHARMA,2022-12-13,2022-12-19,994.65,987.95,106,-0.674,-710.2,6,0.759,-0.674,1002.2,987.95
SUNPHARMA,2024-04-12,2024-10-21,1540.0,1897.0,96,23.182,34272.0,192,26.539,-7.153,1948.7,1429.85
TATACONSUM,2020-01-13,2020-01-27,352.95,382.4,77,8.344,2267.65,14,11.418,0.0,393.25,352.95
TATACONSUM,2020-04-28,2021-10-11,342.9,816.25,107,138.043,50648.45,531,157.247,-3.908,882.1,329.5
TATAMOTORS,2021-02-11,2021-09-13,196.75,182.34,226,-7.324,-3256.66,214,9.52,-14.785,215.48,167.66
TATAMOTORS,2021-10-12,2021-12-13,254.77,300.26,327,17.855,14875.23,62,21.36,0.0,309.19,254.77
TATAMOTORS,2022-07-19,2022-11-10,271.84,249.53,357,-8.207,-7964.67,114,9.086,-12.404,296.54,238.12
TATAMOTORS,2023-04-25,2024-08-12,286.67,651.47,422,127.254,153945.6,475,145.352,0.0,703.35,286.67
TATASTEEL,2020-12-11,2021-12-13,62.17,116.53,838,87.438,45553.68,367,144.394,-4.15,151.94,59.59
TCS,2019-03-12,2019-05-06,2012.45,2157.85,12,7.225,1744.8,55,12.318,-2.214,2260.35,1967.9
TECHM,2019-03-12,2019-05-06,804.7,820.15,30,1.92,463.5,55,4.014,-4.94,837.0,764.95
TITAN,2019-01-11,2019-02-11,959.3,1056.4,26,10.122,2524.6,31,11.196,-0.188,1066.7,957.5
TITAN,2019-03-12,2019-05-06,1086.45,1082.85,22,-0.331,-79.2,55,6.636,-0.75,1158.55,1078.3
TITAN,2019-10-15,2020-01-10,1272.1,1154.05,23,-9.28,-2715.15,87,8.054,-10.73,1374.55,1135.6
TITAN,2023-06-13,2024-04-10,2912.5,3711.2,40,27.423,31948.0,302,32.761,-0.335,3866.65,2902.75
TITAN,2026-01-13,2026-01-19,4231.6,4144.1,91,-2.068,-7962.5,6,0.0,-2.068,4231.6,4144.1
TRENT,2019-10-15,2020-01-27,504.95,572.75,59,13.427,4000.2,104,18.883,-2.376,600.3,492.95
TRENT,2020-04-28,2020-12-10,491.75,676.95,74,37.661,13704.8,226,59.98,-17.966,786.7,403.4
TRENT,2022-07-19,2022-12-19,1202.25,1418.05,80,17.95,17264.0,153,29.553,0.0,1557.55,1202.25
TRENT,2023-04-25,2024-10-21,1381.3,7606.55,87,450.681,541596.75,545,496.174,-0.981,8234.95,1367.75
ULTRACEMCO,2020-12-11,2021-12-13,5015.0,7414.45,10,47.845,23994.5,367,63.79,-0.143,8214.05,5007.85
ULTRACEMCO,2025-04-22,2025-06-10,11959.0,11391.0,27,-4.75,-15336.0,49,2.325,-7.743,12237.0,11033.0
WIPRO,2020-11-11,2021-12-13,173.38,322.7,223,86.123,33298.36,397,105.202,-1.2,355.78,171.3
gold_bees,2019-02-12,2019-03-11,29.21,28.5,10213,-2.431,-7251.23,27,2.431,-3.047,29.92,28.32
gold_bees,2019-05-07,2019-10-14,28.02,33.75,10733,20.45,61500.09,160,23.412,-0.464,34.58,27.89
gold_bees,2020-01-28,2020-04-27,35.72,42.56,10349,19.149,70787.16,90,21.109,-2.492,43.26,34.83
gold_bees,2021-12-14,2022-07-18,41.55,43.55,26741,4.813,53482.0,216,11.167,-1.155,46.19,41.07
gold_bees,2022-12-20,2023-04-24,46.75,51.26,28387,9.647,128025.37,125,11.102,-0.428,51.94,46.55
gold_bees,2024-10-22,2025-04-21,65.73,81.07,49009,23.338,751798.06,181,23.338,-5.994,81.07,61.79
gold_bees,2025-07-29,2025-10-13,81.91,102.65,47555,25.32,986290.7,76,25.32,0.0,102.65,81.91
